USER_ID,ACCOUNT,frequence,amount,average,recently,type
3478,帅栎雁,37,33570.0,145.32,3,非流失
3430,柴承德,34,31903.0,142.42,4,非流失
3307,葛时逸,33,30400.0,152.76,8,非流失
2797,关狄梨,33,30849.0,155.80,7,非流失
3225,文昕雨,32,28695.0,145.66,1,非流失
1078,律波,32,30863.0,155.09,5,非流失
3240,家琛岐,32,30696.0,149.74,8,非流失
2959,廖镜辉,31,29614.0,146.60,3,非流失
3232,康冬钤,31,25711.0,150.36,6,非流失
1461,牛红红,30,33055.0,164.45,3,非流失
2276,经子颍,29,24449.0,149.99,2,非流失
2181,康紫瑗,29,25875.0,158.74,-1,非流失
1210,陈怡,29,25245.0,143.44,4,非流失
3639,封振翔,29,24288.0,151.80,9,非流失
2074,毛以忻,28,28234.0,151.80,7,非流失
2600,沙启雪,28,25658.0,142.54,2,非流失
3513,唐蕴,28,24983.0,145.25,4,非流失
2466,卢键华,27,24464.0,148.27,12,非流失
3244,邵逸晗,27,24677.0,149.56,8,非流失
3604,吉恩泽,27,25646.0,147.39,0,非流失
3835,白子晨,27,23711.0,146.36,8,非流失
2844,孙海超,25,24916.0,162.85,17,非流失
2243,史玉琴,25,26742.0,152.81,2,非流失
3138,刘逸林,23,20373.0,149.80,0,非流失
1771,栾河浆,23,18772.0,146.66,3,非流失
3770,石懿轩,22,20097.0,152.25,17,非流失
2571,房之奕,22,20509.0,153.05,6,非流失
1510,魏煊夕,19,16044.0,138.31,9,非流失
3362,胡君利,8,8794.0,141.84,27,非流失
2208,韦昊,8,7655.0,139.18,122,非流失
2892,柳裔将,7,4432.0,158.29,39,非流失
1141,蓝梦琳,7,4537.0,146.35,54,非流失
2829,宁俪杰,7,6286.0,149.67,41,非流失
2626,鄂盼雯,7,6311.0,146.77,26,非流失
3037,黄章宸,7,5572.0,142.87,12,非流失
1511,魏煜晨,7,7762.0,158.41,4,非流失
3593,饶乙二,7,5946.0,135.14,7,非流失
2144,江浩山,7,6380.0,145.00,19,非流失
3670,余紫焉,7,5777.0,137.55,1,非流失
2761,邵艳蕾,7,4509.0,132.62,20,非流失
2088,班林华,6,5049.0,153.00,16,非流失
2538,倪达轩,6,5258.0,146.06,36,非流失
1282,任雨文,6,7222.0,150.46,32,非流失
3304,陆董博,6,6901.0,160.49,26,非流失
2332,葛颛彰,6,3816.0,152.64,16,非流失
1775,荣惠东,6,6175.0,150.61,20,非流失
2791,都嘉兴,6,4202.0,175.08,0,非流失
2947,范宣毅,6,4477.0,144.42,52,非流失
3091,鄂超宝,6,6322.0,154.20,7,非流失
3042,涂超,6,3558.0,142.32,9,非流失
3786,郁窍,6,4557.0,147.00,10,非流失
3769,庞天威,6,4299.0,143.30,15,非流失
2278,焦玉涵,6,6175.0,154.38,3,非流失
2506,通斌越,6,3683.0,153.46,0,非流失
1284,任红娇,6,4861.0,156.81,21,非流失
3563,史泵泰,6,4372.0,156.14,2,非流失
3542,关瑞柯,6,5678.0,153.46,55,非流失
2678,魏子航,6,6388.0,148.56,21,非流失
2672,樊青山,6,7267.0,151.40,4,非流失
3532,甘杰,6,5940.0,156.32,38,非流失
1353,麦颖芝,6,6631.0,165.78,13,非流失
3235,楼桐伊,6,6206.0,155.15,55,非流失
1307,沙晨泽,6,2718.0,151.00,54,非流失
1534,蔡昊霖,6,3924.0,150.92,47,非流失
3239,年俊诚,6,4965.0,160.16,7,非流失
1868,樊乙永,6,5613.0,160.37,3,非流失
2055,汪嘉彤,6,5126.0,160.19,21,非流失
2505,景乾峰,6,5700.0,142.50,20,非流失
3349,孔祥卓,6,2943.0,127.96,84,非流失
2266,董漫、,5,5206.0,137.00,1,非流失
1299,原奕添,5,3914.0,170.17,5,非流失
3426,寿荣岚,5,4064.0,156.31,3,非流失
2286,方弥穗,5,2899.0,138.05,25,非流失
1281,任怡宁,5,4447.0,143.45,44,非流失
2157,马文波,5,5589.0,151.05,42,非流失
3617,郁嘉泽,5,5855.0,139.40,57,非流失
2238,禹嘉懿,5,4445.0,143.39,47,非流失
1594,高建建,5,3761.0,134.32,55,非流失
2227,冯传瑞,5,3721.0,143.12,44,非流失
2193,明誉德,5,4310.0,134.69,27,非流失
1732,胡书瑶,5,3735.0,149.40,19,非流失
2201,和俊,5,5148.0,151.41,12,非流失
2528,蔺泓柘,5,3476.0,144.83,52,非流失
2487,公欢渔,5,4478.0,144.45,80,非流失
3684,柴干,5,4010.0,133.67,101,非流失
2210,潘子轩,5,4431.0,147.70,10,非流失
2971,栾伊影,5,5686.0,153.68,1,非流失
2807,温泽龙,5,3861.0,148.50,52,非流失
3405,陆斌,5,4955.0,150.15,4,非流失
1695,孙雪雷,5,4854.0,142.76,55,非流失
1246,汪文昊,5,3615.0,129.11,24,非流失
3634,胡嘉欣,5,3291.0,156.71,99,准流失
1285,任佐,5,5119.0,170.63,11,非流失
2501,梅金红,5,3388.0,147.30,69,非流失
1260,胡华,5,5384.0,149.56,22,非流失
1709,胡艺菲,5,4690.0,146.56,44,非流失
2455,裘宝国,5,4320.0,166.15,68,非流失
3706,冀博伦,5,4465.0,144.03,15,非流失
1729,毛慧,5,3917.0,139.89,26,非流失
1497,程云天,5,4413.0,129.79,92,非流失
2952,邱琉韦,5,5264.0,159.52,3,非流失
3115,边艺澄,5,3348.0,133.92,45,非流失
2588,申家沅,5,4945.0,159.52,23,非流失
3805,梅维平,5,4609.0,144.03,0,非流失
1976,苗洪杰,5,5399.0,163.61,46,非流失
1144,俞亚萍,5,3921.0,145.22,43,非流失
2368,卢海心,5,3332.0,138.83,46,非流失
1444,苗元灏,5,3965.0,158.60,9,非流失
1934,孟泊君,5,4191.0,139.70,14,非流失
2658,蒯海笑,5,4109.0,132.55,39,非流失
3821,宫太郎,5,4306.0,138.90,31,非流失
3270,宋长洱,5,5368.0,145.08,141,非流失
2936,从轩朴,5,6488.0,144.18,5,非流失
1919,贾德笙,5,3783.0,126.10,32,非流失
2057,侯鹏琪,5,3188.0,132.83,4,非流失
2893,覃帆,5,4379.0,141.26,53,非流失
2727,郎海轩,5,3832.0,166.61,105,非流失
1106,黄碧萍,5,5009.0,166.97,79,非流失
2337,孙希娜,5,4992.0,138.67,45,非流失
2935,史峻华,5,5065.0,148.97,14,非流失
3320,龙光华,5,6958.0,169.71,21,非流失
2953,买秉烨,5,6601.0,165.03,24,非流失
1168,胡茜雅,5,3283.0,121.59,18,非流失
1169,孙铎洫,5,5382.0,185.59,60,非流失
2149,俞似俊,5,4084.0,140.83,21,非流失
2019,邱耀乾,5,4527.0,174.12,37,非流失
3330,从乐瑞,5,5654.0,148.79,12,非流失
1209,李泽佳,5,4107.0,164.28,12,非流失
1537,蔡学韬,5,2747.0,161.59,36,非流失
3329,柳佳怡,5,4752.0,148.50,8,非流失
3077,邓宇朗,5,4576.0,163.43,34,非流失
3195,孔祥印,5,6901.0,172.53,40,非流失
3150,历远土,5,6428.0,156.78,0,非流失
1787,柴承嗣,5,3632.0,113.50,49,非流失
1501,程禹默,5,5329.0,152.26,61,非流失
1975,单星文,5,3352.0,152.36,53,非流失
2901,鲁小皮,5,2789.0,132.81,98,非流失
2580,雷思涵,5,5557.0,142.49,35,非流失
2676,阮洛岩,5,2835.0,157.50,25,非流失
2582,苏俊又,5,3288.0,121.78,33,非流失
1032,陶昕蕊,5,3450.0,132.69,55,非流失
2297,宁振旭,4,3681.0,167.32,24,非流失
1615,柴君柏,4,3887.0,155.48,-1,非流失
2973,鲁茗轩,4,3229.0,169.95,0,非流失
1617,柴瑜祥,4,4600.0,153.33,-1,非流失
2251,卿庆园,4,3646.0,135.04,46,非流失
3525,穆笑聪,4,3330.0,144.78,43,非流失
3512,涂纹豪,4,4531.0,174.27,83,非流失
1610,柴观骁,4,2808.0,133.71,34,非流失
2926,王子旭,4,3534.0,160.64,81,非流失
3486,任家骅,4,3718.0,154.92,64,非流失
2281,闵洋,4,5171.0,156.70,18,非流失
1573,高梓澧,4,3466.0,144.42,12,非流失
2965,申卓枫,4,3479.0,165.67,4,非流失
2309,林丽熔,4,4046.0,139.52,94,非流失
1589,高炳德,4,2782.0,163.65,52,非流失
1590,高梓稳,4,3349.0,159.48,71,非流失
1567,王志宇,4,3062.0,145.81,3,非流失
2322,范纾语,4,4716.0,142.91,78,非流失
2274,崔彦芳,4,4343.0,140.10,69,非流失
1599,柴荣轩,4,3501.0,159.14,57,非流失
2269,魏运德,4,3864.0,148.62,3,非流失
3510,甘豪,4,2940.0,147.00,10,非流失
3483,黄曦阅,4,3181.0,159.05,40,非流失
2932,蔺董案,4,2997.0,149.85,41,非流失
1608,柴书琴,4,1717.0,122.64,9,非流失
3518,鲍益平,4,3287.0,121.74,13,非流失
2304,吕泓志,4,4417.0,142.48,7,非流失
2921,谭康溢,4,3809.0,131.34,45,非流失
2246,及岱贤,4,1723.0,107.69,24,非流失
1871,缪亦舒,4,3863.0,160.96,122,非流失
3323,黄梦璇,4,4912.0,169.38,16,非流失
3090,郭欣,4,3136.0,156.80,26,非流失
1798,哈利盛,4,3885.0,149.42,6,非流失
3093,钮继甫,4,2899.0,115.96,77,非流失
3096,万绍馨,4,4222.0,140.73,79,非流失
3107,封浩伟,4,3647.0,158.57,3,非流失
3112,东智顼,4,4449.0,171.12,17,非流失
1835,关瑞鲲,4,4052.0,144.71,18,非流失
3300,艾朵,4,4291.0,153.25,68,非流失
3126,牛莉丹,4,2541.0,169.40,80,非流失
3127,单含菁,4,3256.0,148.00,15,非流失
3281,郭逸辉,4,4242.0,169.68,84,非流失
1860,双炷豪,4,3149.0,185.24,2,非流失
2053,屈玉良,4,2571.0,135.32,35,非流失
1873,庞昊哲,4,3243.0,154.43,7,非流失
2121,翟登杭,4,4789.0,149.66,8,非流失
3277,曹瀚,4,3464.0,164.95,11,非流失
3130,黄悦宸,4,3399.0,147.78,17,非流失
1889,申晴雨,4,2985.0,175.59,58,非流失
2040,高祺源,4,4952.0,150.06,17,非流失
3141,时会玲,4,3710.0,137.41,13,非流失
3145,吕心水,4,4866.0,173.79,127,非流失
2022,房俐君,4,3528.0,160.36,2,非流失
3152,俞博文,4,3242.0,147.36,24,非流失
1987,黎浩杰,4,3514.0,140.56,4,非流失
3186,尚小虎,4,5127.0,170.90,8,非流失
3211,和肫,4,3330.0,151.36,6,非流失
1974,沙艺航,4,5085.0,158.91,75,非流失
3203,双馨,4,2390.0,140.59,38,非流失
3202,宓懋源,4,3532.0,168.19,0,非流失
3088,孟明轩,4,3740.0,138.52,96,非流失
3433,焦雄辉,4,4372.0,161.93,40,非流失
2186,陶道约,4,3324.0,166.20,11,非流失
3427,封黑妮,4,1798.0,179.80,76,准流失
2240,怀缓也,4,2075.0,138.33,44,准流失
3007,褚翎兮,4,3123.0,141.95,37,非流失
1646,杜依醇,4,5049.0,174.10,57,非流失
3012,利平弈,4,2736.0,136.80,28,非流失
3402,史丽娜,4,3316.0,165.80,19,非流失
1663,王文凯,4,3714.0,148.56,49,非流失
3016,万树声,4,2163.0,154.50,16,准流失
1670,李子辰,4,2496.0,146.82,33,非流失
2207,宋一心,4,2821.0,134.33,40,非流失
1673,韩雨熙,4,4318.0,179.92,9,非流失
3021,阮昊洋,4,4317.0,166.04,105,非流失
3384,巩艺琪,4,5151.0,151.50,70,非流失
3383,沈昊宇,4,2592.0,123.43,31,非流失
1704,胡晗,4,3880.0,149.23,69,非流失
2134,童海,4,1790.0,137.69,18,准流失
3378,房俊程,4,3863.0,154.52,45,非流失
3543,桑家伟,4,4193.0,131.03,69,非流失
1719,孟小杰,4,2481.0,165.40,67,准流失
3047,丁蒽绮,4,4037.0,155.27,10,非流失
2172,常子佑,4,4188.0,130.88,49,非流失
1735,孙亚兴,4,4280.0,158.52,69,非流失
2168,米星莹,4,4581.0,163.61,95,非流失
3353,邓入睿,4,2923.0,127.09,9,非流失
2164,蒲致懿,4,3473.0,157.86,22,非流失
2162,花家竟,4,2737.0,130.33,54,非流失
1750,宁骏杰,4,3620.0,150.83,53,非流失
2150,谭湘月,4,1767.0,147.25,36,准流失
3334,谭雪芳,4,3723.0,137.89,27,非流失
2145,黎梓澎,4,3224.0,169.68,105,非流失
3372,曹哲宇,4,4076.0,163.04,2,非流失
1967,吕京喜,4,2744.0,124.73,44,非流失
2784,单俊兰,4,5042.0,157.56,13,非流失
1259,胡志广,4,3001.0,142.90,2,非流失
1119,黄文轩,4,4878.0,152.44,90,非流失
2796,滕京北,4,2004.0,133.60,37,非流失
2511,姬峰波,4,3314.0,144.09,0,非流失
2733,万加欣,4,4710.0,130.83,5,非流失
1292,蒲澜恺,4,3897.0,155.88,67,非流失
2732,贺睿涵,4,5065.0,163.39,35,非流失
2609,宋恩溪,4,3198.0,152.29,99,非流失
3681,彭馨,4,2322.0,136.59,43,非流失
1296,原文哲,4,3545.0,161.14,2,非流失
2497,廉震宇,4,2727.0,160.41,14,非流失
2496,房闳帆,4,4184.0,167.36,62,非流失
1305,木衾葳,4,4649.0,154.97,15,非流失
2494,佟昊川,4,3371.0,146.57,10,非流失
2493,胡林林,4,2709.0,142.58,13,非流失
2809,扈楷圆,4,4000.0,142.86,2,非流失
1314,丰佳彤,4,3452.0,138.08,52,非流失
3794,秦紫阳,4,3191.0,145.05,67,非流失
1104,关大山,4,2659.0,139.95,2,非流失
3799,梁嘉珈,4,4693.0,146.66,-1,非流失
1318,吉瑜林,4,3780.0,126.00,22,非流失
2814,段新颖,4,4747.0,163.69,87,非流失
1099,高雷,4,2322.0,110.57,5,非流失
2478,花小涵,4,4290.0,158.89,21,非流失
1330,卫天磊,4,3440.0,172.00,1,非流失
2824,栾小映,4,3821.0,136.46,75,非流失
3803,管骁侯,4,3209.0,168.89,41,非流失
2836,濮胜安,4,2915.0,126.74,126,非流失
1267,孙廷阳,4,3988.0,132.93,22,非流失
2792,宁远昊,4,4498.0,160.64,62,非流失
1346,蔺雁飞,4,3496.0,139.84,16,非流失
2596,冷颢晨,4,2812.0,140.60,13,非流失
3760,苗书香,4,4399.0,157.11,35,非流失
1174,陈雨欣,4,3647.0,151.96,87,非流失
2574,陶正熙,4,3859.0,148.42,20,非流失
1187,孙新潇,4,4423.0,138.22,46,非流失
1191,胡梦琪,4,3624.0,129.43,22,非流失
1200,李伟泽,4,4077.0,151.00,115,非流失
1201,卢玲,4,3980.0,147.41,11,非流失
2750,王浩晖,4,3401.0,161.95,69,非流失
2585,缪衡权,4,3824.0,152.96,16,非流失
1157,艾少雄,4,4256.0,146.76,104,非流失
1208,孙一柏,4,3765.0,144.81,44,非流失
2743,宫思怡,4,2138.0,125.76,37,非流失
3771,家堂湘,4,3264.0,136.00,91,非流失
2769,傅德辉,4,2902.0,145.10,-1,非流失
2592,陆董荣,4,4830.0,166.55,27,非流失
2775,裴楚严,4,4565.0,163.04,23,非流失
2778,裘显春,4,5075.0,158.59,7,非流失
3725,黄腾达,4,3530.0,135.77,30,非流失
1145,俞子昕,4,4358.0,140.58,30,非流失
1142,蓝振国,4,4320.0,144.00,14,非流失
3774,罗博涛,4,3615.0,157.17,80,非流失
2534,万智杰,4,2491.0,131.11,93,准流失
1137,方伟,4,4199.0,161.50,19,非流失
2742,魏进龙,4,4888.0,152.75,3,非流失
1244,孙晨,4,3806.0,173.00,-7,非流失
3711,梁庭恺,4,2253.0,160.93,27,准流失
1248,胡涛,4,4531.0,151.03,-4,非流失
1344,蔺亚含,4,2670.0,148.33,54,非流失
2575,边子瑜,4,2709.0,123.14,147,准流失
2434,柳烁翔,4,5204.0,157.70,18,非流失
1455,牛长金,4,4111.0,141.76,12,非流失
2699,侯楠楠,4,4580.0,163.57,15,非流失
2670,常宝平,4,4103.0,170.96,72,非流失
1438,苗宇炫,4,3454.0,157.00,32,非流失
2427,何清睿,4,2073.0,115.17,44,非流失
2426,屈刚,4,4337.0,166.81,70,非流失
2665,侯志昊,4,4610.0,170.74,15,非流失
2671,谈思宸,4,3711.0,148.44,46,非流失
3820,鞠红琨,4,3595.0,133.15,97,非流失
2386,杜韪诚,4,5746.0,169.00,97,非流失
1452,苗泽坤,4,2437.0,187.46,43,准流失
2414,巩金娜,4,3904.0,150.15,15,非流失
1451,苗欣悦,4,4356.0,161.33,39,非流失
2393,路明,4,4502.0,132.41,3,非流失
1399,司田田,4,2752.0,152.89,14,非流失
1397,司英杰,4,3311.0,127.35,31,非流失
2377,孟柳寅,4,4186.0,167.44,22,非流失
3838,罗子晴,4,4271.0,147.28,73,非流失
2406,解嘉颖,4,4396.0,141.81,123,非流失
988,郭仁泽,4,4388.0,162.52,137,非流失
2702,崔妙涵,4,3364.0,160.19,19,非流失
2664,苏嘉豪,4,3986.0,166.08,31,非流失
3839,宋时帝,4,3810.0,152.40,105,非流失
1493,程瑞博,4,4322.0,149.03,24,非流失
2448,付旭尧,4,4176.0,139.20,6,非流失
2403,买震臣,4,3005.0,125.21,51,非流失
3554,裴豪俊,4,2633.0,131.65,7,非流失
2853,施景涛,4,5334.0,183.93,42,非流失
3555,莫以翰,4,3152.0,131.33,6,非流失
1069,吕兴腾,4,4013.0,143.32,52,非流失
3834,程者,4,3241.0,129.64,10,非流失
2886,公建安,4,3448.0,164.19,38,非流失
2593,关林海,3,3491.0,151.78,46,非流失
2081,刁立丰,3,2743.0,152.39,11,非流失
2080,麦卫平,3,1687.0,187.44,5,非流失
3184,蒯湘优,3,1331.0,133.10,109,准流失
2085,施娅颖,3,2747.0,161.59,45,非流失
2034,林俊宏,3,3209.0,160.45,2,非流失
1979,蓝昊轩,3,3455.0,181.84,43,非流失
2089,申英昊,3,2848.0,167.53,13,非流失
3106,舒解宽,3,2455.0,163.67,33,准流失
3103,姜诚俊,3,3129.0,142.23,77,非流失
3099,那淑珩,3,1764.0,147.00,20,准流失
3188,黎予阳,3,2601.0,144.50,93,非流失
2679,匡驰桦,3,2748.0,152.67,3,非流失
1972,冀昌荣,3,3011.0,130.91,74,非流失
2753,方智,3,1239.0,137.67,131,准流失
1969,韩可,3,3068.0,146.10,88,非流失
1990,沙辉华,3,2919.0,139.00,100,非流失
3117,富培谷,3,2552.0,170.13,4,非流失
2075,刘万合,3,3195.0,159.75,65,非流失
2711,戚忠艺,3,2790.0,146.84,23,非流失
2643,卢诗仪,3,1583.0,158.30,160,准流失
2613,戚惠朵,3,1644.0,117.43,18,非流失
3129,高齐逸,3,3103.0,141.05,48,非流失
2716,马天一,3,1502.0,136.55,51,准流失
3147,陈仲锋,3,3221.0,134.21,9,非流失
2123,焦芷彤,3,2348.0,138.12,23,非流失
2042,庞畅畅,3,3325.0,158.33,43,非流失
1993,屈华香,3,3669.0,141.12,1,非流失
2640,卢应,3,2300.0,153.33,-1,非流失
2710,麻靖甄,3,2799.0,147.32,122,准流失
2625,刘书现,3,2660.0,177.33,3,非流失
2638,权愉童,3,2886.0,151.89,6,非流失
2031,陈诗慧,3,2328.0,155.20,2,非流失
2705,吕滇锣,3,3345.0,176.05,0,非流失
2707,侯虫虫,3,3206.0,178.11,11,非流失
2695,樊蕲日,3,2248.0,132.24,41,非流失
3159,蒲景全,3,1947.0,121.69,13,非流失
2694,边风,3,1926.0,113.29,2,非流失
2611,巩国强,3,2473.0,112.41,8,非流失
2741,姬灵葱,3,2701.0,150.06,9,非流失
2688,牟玫萱,3,2629.0,131.45,30,非流失
1996,侯鸿辰,3,3536.0,147.33,126,非流失
3121,柯雨琦,3,3254.0,125.15,141,非流失
3173,柴文志,3,2210.0,170.00,75,准流失
3125,成重故,3,2403.0,171.64,63,准流失
2603,白德书,3,3497.0,174.85,87,非流失
1998,董传杰,3,2868.0,150.95,2,非流失
2058,贺睿泽,3,2330.0,137.06,120,准流失
2656,浦曼,3,3344.0,159.24,62,非流失
2003,从嘉利,3,4515.0,180.60,66,非流失
3160,艾融乐,3,2323.0,129.06,13,非流失
2691,涂昊焱,3,3166.0,175.89,33,非流失
2011,公一生,3,3283.0,164.15,56,非流失
2044,靳望,3,2351.0,156.73,12,准流失
2356,阮明杰,3,2014.0,143.86,21,准流失
2124,焦瑭榕,3,3844.0,160.17,65,非流失
2422,廉菁境,3,2897.0,152.47,108,准流失
2294,陈依涵,3,2916.0,153.47,70,非流失
2290,任寒予,3,1856.0,142.77,7,准流失
2869,卢俊祯,3,2696.0,134.80,42,非流失
2425,史瑞瞳,3,3080.0,133.91,101,非流失
2283,和雅微,3,4007.0,182.14,24,非流失
2964,贝天桦,3,2363.0,112.52,2,非流失
2856,公山霖,3,2485.0,146.18,167,准流失
2854,隆昌政,3,1819.0,139.92,127,准流失
2444,王忆晓,3,3249.0,154.71,26,非流失
2445,双天波,3,2036.0,156.62,113,准流失
2270,冀令存,3,2338.0,146.12,126,准流失
2451,白常瑾,3,3268.0,172.00,2,非流失
2852,匡佟,3,2878.0,143.90,51,非流失
2265,范子归,3,3113.0,172.94,27,非流失
2454,袁浙旭,3,2165.0,144.33,11,非流失
986,莫子建,3,2107.0,162.08,0,非流失
2263,缪佳毅,3,2101.0,140.07,80,准流失
2838,宓卉哲,3,3358.0,159.90,109,非流失
2831,卢正英,3,3055.0,160.79,179,准流失
2423,魏勇刚,3,2608.0,144.89,37,非流失
2871,成背俭,3,3134.0,149.24,74,非流失
2245,双焯迪,3,2238.0,117.79,2,非流失
2874,申致轩,3,1900.0,172.73,84,准流失
3198,胡淼焱,3,3258.0,171.47,114,准流失
2912,盛鹏飞,3,1424.0,118.67,16,非流失
2354,蒯紫金,3,3635.0,173.10,22,非流失
2350,关海军,3,3457.0,157.14,78,非流失
2364,璩绮绍,3,3601.0,163.68,123,非流失
2909,牧榆本,3,2607.0,162.94,38,非流失
2376,融珂,3,1771.0,104.18,45,非流失
2900,冷亚炯,3,2680.0,157.65,50,非流失
2897,尚卫杰,3,2952.0,155.37,47,非流失
2340,刘君浩,3,2121.0,163.15,15,准流失
2324,伏洛威,3,2234.0,171.85,6,非流失
2404,汪胤祥,3,2367.0,131.50,62,准流失
2948,孙翠云,3,3168.0,158.40,64,非流失
2949,庞又凯,3,2946.0,140.29,31,非流失
2310,洪伟,3,1237.0,112.45,9,非流失
2883,钱縻雳,3,3405.0,170.25,56,非流失
2305,梁吻烨,3,2685.0,141.32,74,非流失
2473,陈子然,3,2846.0,142.30,23,非流失
2475,马凤临,3,3725.0,137.96,78,非流失
3080,吕晟睿,3,3621.0,172.43,23,非流失
2176,廖瑾萱,3,2927.0,172.18,41,非流失
2171,方阿铃,3,2134.0,152.43,48,准流失
3057,邓可源,3,4504.0,160.86,39,非流失
2786,崔玉馨,3,2197.0,183.08,14,准流失
2916,宁关淇,3,1119.0,139.88,51,准流失
2783,潘弈仁,3,2052.0,171.00,5,准流失
3063,阮炫森,3,2581.0,184.36,114,非流失
2537,江申,3,2448.0,153.00,114,准流失
2780,巩玫朵,3,1518.0,126.50,84,准流失
2546,罗展博,3,1994.0,142.43,35,准流失
2158,甘易灵,3,1801.0,128.64,75,准流失
2155,汪换东,3,3505.0,152.39,3,非流失
2555,沈国凡,3,2870.0,168.82,14,非流失
2556,廖静怡,3,3075.0,153.75,56,非流失
2563,双大志,3,2724.0,170.25,38,非流失
2564,冯载粟,3,2648.0,176.53,20,非流失
3070,边皇豪,3,2639.0,175.93,78,非流失
2765,麦志博,3,2104.0,161.85,10,准流失
2763,蒲行,3,1114.0,185.67,72,准流失
2131,屈轩林,3,3815.0,173.41,57,非流失
2527,和圣宙,3,1869.0,124.60,37,非流失
2522,通銮妮,3,2927.0,146.35,35,非流失
2477,姬忠祝,3,3298.0,183.22,16,非流失
2520,靳骞,3,2918.0,138.95,66,非流失
2481,寇沛奇,3,2712.0,193.71,106,非流失
2990,班云博,3,2861.0,119.21,26,非流失
2992,俞伟斌,3,2121.0,117.83,21,非流失
2811,汤婉淇,3,2115.0,132.19,64,准流失
3009,谈天赐,3,3291.0,156.71,34,非流失
2810,管仁,3,2089.0,139.27,8,非流失
3010,文逸星,3,1786.0,127.57,46,非流失
2216,靳镇鲜,3,3277.0,156.05,110,非流失
2213,乔瑞泽,3,2252.0,150.13,84,准流失
2805,路晨琳,3,1897.0,126.47,81,准流失
3017,郝仕奇,3,2254.0,187.83,4,准流失
2499,花思雨,3,3205.0,133.54,54,非流失
2504,裘群夏,3,3017.0,201.13,78,非流失
2802,顾语馨,3,2810.0,147.89,24,非流失
2800,禹远,3,2320.0,128.89,87,准流失
3028,濮睿浩,3,2188.0,136.75,2,非流失
3036,傅少文,3,2511.0,156.94,14,非流失
2514,孔亮,3,1799.0,119.93,21,非流失
2794,侯昭旭,3,1904.0,146.46,5,准流失
2457,邵晨轩,3,3476.0,173.80,118,准流失
2680,沈国蒙,3,2364.0,124.42,140,准流失
1964,江伊,3,1886.0,145.08,98,准流失
1459,牛炎春,3,2619.0,145.50,5,非流失
1433,包承昊,3,2428.0,151.75,10,非流失
1435,包家铭,3,3045.0,160.26,20,非流失
3584,尚泽鸣,3,2103.0,123.71,62,准流失
3581,谷宥贤,3,2822.0,141.10,19,非流失
3565,贺宇菲,3,2811.0,127.77,19,非流失
3562,黄彭,3,3470.0,150.87,46,非流失
3559,荣子惠,3,2067.0,159.00,15,准流失
1653,胡泰盎,3,1745.0,116.33,17,非流失
1464,范小英,3,3379.0,198.76,32,非流失
1469,范旭禹,3,2769.0,125.86,79,非流失
1470,范亚琪,3,2874.0,179.62,96,准流失
1472,范鸾杉,3,2102.0,131.38,13,非流失
3551,王崔玲,3,3213.0,169.11,23,非流失
3607,樊佳义,3,2971.0,141.48,24,非流失
3612,龚家卫,3,2602.0,123.90,27,非流失
3613,莫文涛,3,1618.0,134.83,60,准流失
1423,范艾石,3,2057.0,171.42,44,准流失
3614,桂伽羽,3,3125.0,173.61,35,非流失
3618,常青,3,3018.0,131.22,68,非流失
3622,傅思源,3,1558.0,129.83,18,准流失
1407,宁智睿,3,2790.0,186.00,44,准流失
1400,司志康,3,3910.0,156.40,62,非流失
1394,陶宁,3,2339.0,137.59,26,非流失
1393,陶璐,3,3695.0,194.47,58,非流失
1392,陶武松,3,3165.0,150.71,4,非流失
3630,蓝咏芯,3,3368.0,160.38,80,非流失
1384,覃洪屿,3,3326.0,144.61,39,非流失
1383,覃金桂,3,2764.0,131.62,64,非流失
1352,麦一夫,3,1706.0,142.17,114,准流失
3545,丰忠鑫,3,2210.0,138.12,108,准流失
1502,程雨泽,3,1350.0,135.00,7,准流失
1506,魏熙芮,3,1443.0,131.18,113,准流失
3481,时茹轩,3,2125.0,132.81,57,准流失
3419,鱼新嘉,3,3003.0,130.57,118,非流失
1642,杜殿雨,3,3205.0,145.68,101,非流失
1641,杜朝阳,3,3029.0,168.28,9,非流失
1638,杜健,3,3552.0,136.62,78,非流失
1611,柴净汕,3,4203.0,182.74,29,非流失
3457,房适焯,3,1898.0,146.00,55,准流失
3461,龚道雷,3,1258.0,139.78,16,准流失
1603,柴榆潍,3,2276.0,133.88,114,准流失
3463,滑帆志,3,2205.0,137.81,34,准流失
3466,权国麾,3,2425.0,151.56,33,非流失
3471,常庆沛,3,1884.0,171.27,22,准流失
1591,高俊熙,3,3101.0,172.28,92,准流失
3479,宋婧涵,3,3362.0,160.10,68,非流失
3480,邵雨泽,3,3153.0,143.32,40,非流失
1579,高泓翔,3,2427.0,151.69,67,准流失
3516,陆冠行,3,3784.0,145.54,12,非流失
1578,高玉辰,3,2209.0,129.94,16,非流失
3495,步浩阳,3,3002.0,150.10,14,非流失
1571,王振鸣,3,1430.0,130.00,1,准流失
1570,王祥业,3,4019.0,148.85,51,非流失
3497,艾国真,3,3144.0,174.67,12,非流失
3498,罗以澜,3,3977.0,137.14,5,非流失
1562,王树朋,3,2461.0,136.72,67,准流失
3501,吉弈辉,3,2445.0,203.75,8,准流失
1558,王辰泊,3,3404.0,162.10,6,非流失
1963,荆春哲,3,2113.0,150.93,40,准流失
1554,王知一,3,2918.0,153.58,41,非流失
1545,莫欢,3,3566.0,155.04,103,非流失
1342,冷奉啸,3,2284.0,163.14,12,准流失
1341,冷剑峰,3,2601.0,136.89,76,非流失
1335,冷晓岚,3,2171.0,144.73,36,准流失
1091,屈慧芳,3,3302.0,157.24,15,非流失
1152,冷子彭,3,3020.0,151.00,130,准流失
1138,冯少煌,3,3034.0,151.70,27,非流失
1136,方茹君,3,2998.0,166.56,3,非流失
1117,黄可颐,3,3136.0,142.55,35,非流失
3788,聂靓颖,3,2724.0,160.24,17,非流失
1115,曾慧,3,2284.0,134.35,11,非流失
1112,唐轩,3,3479.0,158.14,47,非流失
1108,李海峰,3,3306.0,150.27,27,非流失
3796,边屹阳,3,2257.0,141.06,41,准流失
1101,高霖,3,3246.0,154.57,96,非流失
1100,高慧,3,2308.0,164.86,13,非流失
1095,李靖,3,2675.0,148.61,62,非流失
1094,李小东,3,3497.0,194.28,25,非流失
1090,屈贤,3,3018.0,143.71,18,非流失
1173,胡意林,3,2721.0,123.68,109,准流失
1079,律剑波,3,3863.0,160.96,24,非流失
3808,苏煜广,3,3801.0,135.75,10,非流失
1067,方皓文,3,2227.0,159.07,27,准流失
3811,齐欢,3,1714.0,131.85,47,非流失
3814,董继豪,3,2152.0,134.50,85,准流失
1028,荆哲,3,4091.0,194.81,51,非流失
3824,纪语乐,3,2086.0,149.00,76,准流失
1025,魏焱,3,2813.0,148.05,68,非流失
1018,卢子翰,3,3377.0,168.85,97,非流失
1017,卢俊恒,3,2950.0,155.26,64,非流失
1011,柴德馨,3,4112.0,178.78,41,非流失
1010,袁家蕊,3,3514.0,146.42,54,非流失
991,麦凯泽,3,4254.0,170.16,49,非流失
1165,沈飞,3,2428.0,161.87,6,非流失
1177,孙静波,3,3610.0,164.09,138,非流失
3642,程前有,3,3062.0,145.81,44,非流失
3696,饶文彬,3,2932.0,172.47,72,非流失
1328,桂婉,3,3344.0,176.00,48,非流失
1323,桂立锦,3,3871.0,168.30,50,非流失
3657,汪洄显,3,2651.0,115.26,33,非流失
3663,容化黎,3,2544.0,133.89,105,准流失
1313,丰艺玮,3,2399.0,171.36,75,准流失
3664,陆安洁,3,3975.0,147.22,76,非流失
3667,郝美琳,3,3411.0,148.30,34,非流失
3668,翟艺希,3,2113.0,150.93,49,准流失
3677,寇默然,3,2768.0,138.40,37,非流失
1293,蒲水莲,3,2837.0,189.13,12,非流失
1290,蒲荷,3,2086.0,139.07,134,准流失
1288,蒲达智,3,2147.0,165.15,14,准流失
3687,赖金凤,3,3053.0,160.68,9,非流失
3692,佟雨晴,3,2449.0,144.06,3,准流失
3697,沙难,3,3040.0,178.82,34,非流失
1186,崔子龙,3,2906.0,132.09,94,非流失
1272,孙洪波,3,3071.0,153.55,12,非流失
1268,沈丹丹,3,3548.0,154.26,9,非流失
3710,蔡昊江,3,2158.0,126.94,65,准流失
1257,崔琳,3,2737.0,144.05,97,准流失
1256,胡怡然,3,2547.0,141.50,4,非流失
1245,李明军,3,3863.0,167.96,-1,非流失
1243,沈晓雯,3,1552.0,129.33,62,准流失
1238,崔雨泽,3,2102.0,150.14,89,准流失
1235,胡仑美,3,2877.0,143.85,2,非流失
1234,李雨杉,3,2822.0,156.78,63,非流失
3717,衡英奇,3,1920.0,137.14,44,准流失
1223,孙尹萱,3,3964.0,152.46,128,非流失
1214,沈嘉仪,3,3182.0,167.47,85,非流失
1203,李俊,3,1535.0,170.56,65,准流失
3417,邵昊哲,3,3000.0,166.67,53,非流失
3507,方镡谊,3,2112.0,140.80,74,非流失
3306,时昕非,3,1608.0,134.00,15,准流失
1749,邴智阳,3,3114.0,155.70,37,非流失
2684,陈翌冼,3,2106.0,140.40,15,非流失
1774,柳汝嫣,3,3234.0,161.70,47,非流失
1772,匡奇芸,3,1613.0,107.53,74,准流失
3258,姜海翔,3,2846.0,129.36,146,准流失
1766,卢浩铭,3,3569.0,155.17,11,非流失
1765,贺俊豪,3,3090.0,147.14,9,非流失
3331,涂耀瑜,3,2165.0,144.33,83,准流失
1753,彭浩嘉,3,3155.0,126.20,65,非流失
1752,温滨霖,3,2746.0,183.07,15,准流失
1904,缪佳芸,3,2873.0,136.81,28,非流失
1716,孙贝晨,3,2499.0,178.50,2,非流失
3238,鞠梓骑,3,2389.0,125.74,13,非流失
3354,嵇小兰,3,2360.0,147.50,20,非流失
1908,嵇啸峰,3,2568.0,183.43,62,准流失
1910,喻达锋,3,980.0,122.50,107,准流失
1911,靳承恩,3,1941.0,138.64,31,准流失
1914,家咏通,3,3879.0,161.62,84,非流失
1731,孟璐,3,2982.0,175.41,4,非流失
3234,顾单懿,3,2272.0,174.77,58,准流失
1784,桂雷皓,3,2903.0,170.76,19,非流失
3266,苏在水,3,1718.0,143.17,16,准流失
1786,童卫民,3,2703.0,150.17,103,准流失
1877,鲍齐尚,3,2231.0,123.94,79,准流失
1838,经越恩,3,3420.0,171.00,40,非流失
1841,苍常弘,3,1490.0,149.00,9,准流失
1843,滕俊轶,3,2525.0,148.53,18,非流失
1829,滕子修,3,3273.0,148.77,56,非流失
1823,童登和,3,4208.0,168.32,51,非流失
3305,方旭,3,3655.0,158.91,10,非流失
1821,顾刁菀,3,3218.0,169.37,30,非流失
1817,容朔芝,3,2377.0,132.06,18,非流失
3297,俞增铄,3,4067.0,150.63,55,非流失
1849,童艺萱,3,2224.0,148.27,79,准流失
1813,潘宁,3,3545.0,196.94,14,非流失
3310,沈圳伟,3,2033.0,156.38,28,准流失
3311,申嘉熙,3,2251.0,150.07,3,非流失
3315,利狄淑,3,2384.0,183.38,44,准流失
3317,方芋霖,3,3857.0,167.70,40,非流失
1802,库端增,3,3048.0,138.55,170,准流失
3290,贺岩钰,3,3838.0,147.62,73,非流失
1869,滕洛辰,3,2231.0,111.55,57,非流失
3370,鲁鸿豪,3,3448.0,149.91,117,非流失
3301,衡明仁,3,3246.0,141.13,78,非流失
1939,那伟军,3,2586.0,152.12,18,非流失
1665,胡建,3,4113.0,178.83,50,非流失
1947,温伟超,3,3394.0,188.56,83,非流失
1672,胡宇凯,3,2729.0,129.95,58,非流失
1694,邵昱笑,3,3694.0,142.08,13,非流失
1937,沈靖奕,3,3440.0,149.57,82,非流失
3214,裘浦权,3,2731.0,170.69,65,准流失
3209,利炫锐,3,1967.0,140.50,11,非流失
3387,司文豪,3,3354.0,139.75,28,非流失
1940,康俪膑,3,3322.0,166.10,22,非流失
3381,白永兵,3,1860.0,169.09,43,准流失
1938,双聿岑,3,1190.0,132.22,85,准流失
1926,管克维,3,2313.0,165.21,3,非流失
1682,陈钰颖,3,3337.0,175.63,63,非流失
1674,孙熙凯,3,2083.0,160.23,11,准流失
3201,房东琳,3,2255.0,125.28,100,准流失
3200,刘铭驭,3,1534.0,139.45,6,准流失
1659,胡连华,3,4045.0,175.87,79,非流失
3212,姬敬越,3,3268.0,181.56,16,非流失
3379,雷超超,3,2292.0,152.80,10,非流失
3199,蓬咏隽,3,1345.0,134.50,0,准流失
1932,鄂轶向,3,3476.0,151.13,4,非流失
3278,庞强华,2,1142.0,163.14,78,准流失
3705,解壤萧,2,838.0,119.71,35,准流失
3279,舒冠宇,2,1470.0,122.50,34,准流失
3167,齐花婧,2,2266.0,125.89,12,准流失
3810,方智诚,2,1357.0,123.36,86,准流失
3702,黎子凡,2,1366.0,136.60,24,准流失
3134,罗彬晟,2,1895.0,189.50,69,准流失
3276,焦歆彤,2,1891.0,135.07,71,准流失
3713,焦紫弱,2,897.0,149.50,30,准流失
3263,钱雨凝,2,1884.0,134.57,82,准流失
3807,齐亚朋,2,1913.0,136.64,143,准流失
3131,倪玮晨,2,2173.0,155.21,78,准流失
3210,单承梓,2,1449.0,144.90,164,准流失
3818,毕永涛,2,1830.0,183.00,35,准流失
3120,李昊阳,2,749.0,149.80,5,准流失
3836,党雷,2,1347.0,122.45,63,准流失
3833,梁益铭,2,1292.0,184.57,70,准流失
3118,丛景宜,2,2416.0,142.12,54,准流失
3669,石韵晗,2,2721.0,170.06,50,准流失
3830,郭梓晴,2,1630.0,125.38,64,准流失
3671,和帅,2,1652.0,150.18,69,准流失
3672,申卓凡,2,1415.0,176.88,82,准流失
3205,巩青书,2,2940.0,163.33,39,非流失
3291,安一生,2,2699.0,142.05,103,准流失
3296,缪茂胜,2,1670.0,128.46,51,准流失
2804,万新博,2,2134.0,152.43,156,准流失
3292,秦井保,2,697.0,99.57,64,准流失
3128,濮恒进,2,766.0,127.67,1,准流失
3693,毕桂铭,2,1355.0,123.18,107,准流失
3187,楼邵凯,2,2062.0,147.29,50,准流失
2693,狄云川,2,1871.0,155.92,128,准流失
3714,常志琪,2,1421.0,118.42,127,准流失
3721,楼炳君,2,2513.0,139.61,134,非流失
3181,蔡荣达,2,2714.0,180.93,10,非流失
3764,嵇英宾,2,2452.0,144.24,115,准流失
3744,白家熙,2,2083.0,189.36,70,准流失
2756,怀占应,2,1727.0,132.85,107,准流失
3750,陶家涵,2,3432.0,171.60,21,非流失
2755,边洛宁,2,1594.0,144.91,46,准流失
2718,毕文颀,2,1705.0,142.08,47,准流失
3763,汤泽语,2,1583.0,158.30,112,准流失
2751,龙劲学,2,930.0,155.00,49,准流失
2719,公柏彦,2,2330.0,166.43,65,准流失
3223,闵根军,2,1904.0,190.40,113,准流失
3766,万依俊,2,2807.0,175.44,22,非流失
3716,佟奕清,2,1042.0,130.25,72,准流失
3236,石景浩,2,1215.0,173.57,19,准流失
3169,魏建承,2,843.0,105.38,70,准流失
2728,董敏雯,2,2025.0,168.75,104,准流失
3793,沈立亭,2,1401.0,127.36,7,非流失
3783,申家格,2,1679.0,152.64,9,准流失
3784,骆雨帆,2,2003.0,182.09,5,非流失
3226,库菁菁,2,2109.0,162.23,101,准流失
3791,廉德平,2,1189.0,169.86,4,非流失
2736,赖至谦,2,2038.0,156.77,91,准流失
3114,柴旺轩,2,1250.0,156.25,108,准流失
2762,巩雨江,2,2029.0,135.27,47,准流失
3218,郜年博,2,1464.0,133.09,2,准流失
3802,俞紫琰,2,1612.0,134.33,81,准流失
3261,石靖函,2,1312.0,131.20,84,准流失
3161,扈彦育,2,883.0,126.14,91,准流失
2779,权沁渲,2,1805.0,164.09,51,准流失
3724,方睿希,2,1510.0,188.75,115,准流失
3180,董如鑫,2,2648.0,155.76,27,非流失
3730,贺琪森,2,1301.0,130.10,45,准流失
2773,秋成济,2,1305.0,163.12,48,准流失
3731,查开元,2,2660.0,156.47,156,准流失
3177,史文爽,2,1920.0,160.00,39,准流失
3734,丁一珩,2,1286.0,128.60,105,准流失
2772,庞乐嘉,2,1358.0,97.00,70,准流失
3735,容本颜,2,938.0,104.22,40,准流失
2766,赖希瑜,2,1321.0,188.71,38,准流失
3737,权则入,2,1386.0,173.25,6,准流失
3245,俞安洋,2,1993.0,124.56,161,准流失
3739,宫文轩,2,2885.0,180.31,85,准流失
2764,刘迪,2,852.0,106.50,165,准流失
3176,费瑜懋,2,2096.0,139.73,71,准流失
3242,靖嵩俊,2,1406.0,156.22,8,准流失
3740,别二,2,2536.0,140.89,61,非流失
3011,卜文龙,2,1862.0,186.20,15,准流失
3653,申皓阳,2,1856.0,154.67,42,准流失
3303,成颛赢,2,1933.0,138.07,157,准流失
3029,施杭泽,2,1339.0,191.29,81,准流失
3030,曲峰冉,2,1533.0,127.75,117,准流失
2961,莫智宸,2,2845.0,167.35,53,非流失
2960,韦承承,2,1938.0,149.08,60,准流失
3484,姜萌萌,2,1770.0,147.50,4,准流失
3485,陆畅,2,1260.0,180.00,44,准流失
2958,宋昊宇,2,1946.0,129.73,26,准流失
2957,麦侣,2,1828.0,140.62,49,准流失
3373,秦一成,2,1228.0,136.44,4,准流失
2954,方佐葵,2,2172.0,127.76,64,准流失
3371,邱文涛,2,2316.0,136.24,54,准流失
3369,芦伟智,2,2192.0,137.00,2,准流失
3366,佟海,2,1710.0,155.45,57,准流失
3500,童心语,2,1525.0,169.44,10,准流失
3055,任荣瑞,2,1411.0,117.58,87,准流失
2945,丁维熙,2,2006.0,154.31,51,准流失
3502,蓝梓酴,2,1282.0,183.14,60,准流失
2942,牛玲,2,1132.0,141.50,27,准流失
2941,蒯砚之,2,2703.0,159.00,9,非流失
2937,权新普,2,2845.0,177.81,49,准流失
3363,祁飞虎,2,1783.0,148.58,53,准流失
3062,敖炜钧,2,2188.0,182.33,11,准流失
3514,申昊西,2,1597.0,177.44,18,准流失
3352,刁新铄,2,2690.0,168.12,-1,非流失
2933,甯佑豪,2,2134.0,177.83,153,准流失
3382,柳默齐,2,1622.0,124.77,149,准流失
3476,董璐,2,2308.0,135.76,47,准流失
3474,白剑涛,2,1111.0,123.44,128,准流失
3437,宓津欣,2,3055.0,160.79,172,准流失
3414,管家均,2,1504.0,125.33,45,准流失
3416,谷坷洋,2,2541.0,169.40,177,非流失
3406,常家栋,2,2104.0,140.27,47,准流失
3003,崔媛媛,2,1547.0,140.64,7,准流失
2999,鄂迪理,2,1925.0,120.31,85,准流失
2995,何慧珍,2,1779.0,148.25,40,准流失
3391,隆荣谰,2,1180.0,196.67,6,准流失
3421,陶澍,2,1226.0,136.22,149,准流失
3423,池婧雯,2,1960.0,163.33,7,准流失
2985,任懿涵,2,2722.0,160.12,49,非流失
3436,王艺霖,2,1790.0,149.17,37,准流失
3438,鲁冰淳,2,1611.0,179.00,50,准流失
3027,邱里勇,2,2495.0,178.21,124,准流失
2983,盛旺,2,1838.0,114.88,128,准流失
2978,蔺华彪,2,2307.0,153.80,41,准流失
2976,陶稳介,2,2826.0,166.24,99,准流失
3448,苍庆彤,2,1041.0,208.20,46,准流失
2972,马睿伟,2,2589.0,152.29,111,准流失
3018,廖泽武,2,1675.0,139.58,26,准流失
3390,方星翔,2,1725.0,143.75,63,准流失
3022,盛明杰,2,1721.0,114.73,75,准流失
3026,韩文乐,2,1947.0,177.00,50,准流失
2968,秦宇豪,2,2081.0,138.73,33,准流失
3469,韩雨彤,2,1220.0,110.91,115,准流失
3517,苗衍,2,2004.0,167.00,53,准流失
2929,蔺佳豪,2,3161.0,175.61,153,准流失
2928,孔青,2,1143.0,103.91,125,准流失
2850,尚岩涵,2,2202.0,129.53,60,准流失
3086,汤浩博,2,1905.0,127.00,117,准流失
3326,宫钰涵,2,1804.0,150.33,37,准流失
3087,安子奕,2,2639.0,155.24,41,非流失
3325,金腾,2,2198.0,129.29,46,准流失
3324,管熠然,2,1950.0,162.50,107,准流失
2868,甘福霖,2,2589.0,199.15,36,非流失
2864,房子含,2,2019.0,144.21,53,准流失
3623,付化雨,2,1222.0,174.57,2,准流失
2855,鲍春来,2,2320.0,136.47,53,准流失
3625,苗厚土,2,1165.0,129.44,10,准流失
3094,谷文采,2,2996.0,176.24,25,非流失
3082,童漪宇,2,1726.0,115.07,89,准流失
2849,巩俊楠,2,1945.0,114.41,207,准流失
3631,庞智宸,2,1203.0,133.67,50,准流失
2846,景双佳,2,758.0,108.29,14,准流失
3635,秦媛兴,2,1260.0,114.55,137,准流失
3638,姜武,2,1408.0,176.00,83,准流失
3108,范瑜敏,2,1598.0,145.27,110,准流失
3641,文嫣鳙,2,2332.0,166.57,48,准流失
3651,单岑儿,2,1541.0,140.09,83,准流失
3652,钱振梅,2,1454.0,103.86,75,准流失
2819,黄芯然,2,976.0,122.00,0,准流失
2816,东楠振,2,2761.0,138.05,64,非流失
2870,陶家泓,2,2436.0,135.33,57,准流失
3598,匡建洪,2,1716.0,143.00,47,准流失
3519,方勇,2,793.0,132.17,37,准流失
3066,哈缵沛,2,3105.0,172.50,12,非流失
3537,鲁医崭,2,1378.0,137.80,63,准流失
2924,蔺自华,2,801.0,80.10,158,准流失
2923,焦静靓,2,2250.0,150.00,49,准流失
3544,闵梓海,2,1972.0,164.33,46,准流失
3064,梁睿,2,1568.0,174.22,69,准流失
2911,高邦,2,2787.0,163.94,114,准流失
3346,衡子艳,2,3065.0,170.28,69,准流失
2910,梁洁,2,2029.0,119.35,51,准流失
3552,陶毅菡,2,1681.0,105.06,108,准流失
3344,权承越,2,2425.0,142.65,125,准流失
2905,甘尉闱,2,1892.0,189.20,96,准流失
2898,景维夯,2,777.0,97.12,94,准流失
3596,彭兰清,2,3111.0,163.74,22,非流失
3074,哈信学,2,1833.0,130.93,1,准流失
3328,施昕延,2,2241.0,124.50,8,准流失
3078,单泰脎,2,2211.0,138.19,56,准流失
3571,汪紫微,2,1573.0,143.00,155,准流失
3572,陆雨,2,1517.0,168.56,47,准流失
3574,原明华,2,1492.0,149.20,78,准流失
2887,骆一慧,2,2164.0,144.27,116,准流失
3577,齐争岚,2,2185.0,182.08,40,准流失
3327,童辰萱,2,969.0,121.12,45,准流失
3589,钮晓东,2,1470.0,133.64,135,准流失
2875,丁熙洳,2,1279.0,116.27,7,准流失
3262,齐天月,2,1843.0,204.78,124,准流失
983,邓彬彬,2,1968.0,140.57,40,准流失
2682,卢嘟嘟,2,2286.0,152.40,33,准流失
2078,常鸿琪,2,2493.0,124.65,51,非流失
1425,范笑成,2,1516.0,151.60,85,准流失
2062,曹康煦,2,1542.0,128.50,181,准流失
2064,陶云初,2,1392.0,154.67,39,准流失
1424,范嘉石,2,1944.0,194.40,84,准流失
2066,石嫦曦,2,1604.0,123.38,63,准流失
2069,刁佩,2,1212.0,110.18,14,准流失
2071,贺峰,2,1923.0,160.25,10,准流失
2076,曾向南,2,1385.0,115.42,89,准流失
1421,范凡石,2,1514.0,151.40,44,准流失
2050,栾英子,2,1971.0,164.25,71,准流失
2091,解世超,2,1439.0,159.89,68,准流失
2094,管致远,2,1318.0,131.80,12,准流失
2097,凌羽峰,2,2700.0,135.00,16,非流失
2098,缪载韵,2,2357.0,168.36,26,准流失
1410,宁晨浩,2,2279.0,151.93,39,准流失
2103,谷荣海,2,1577.0,121.31,101,准流失
2109,吕兴发,2,1978.0,197.80,10,准流失
2116,娄城岩,2,2896.0,160.89,34,非流失
2059,焦衍陵,2,1542.0,154.20,87,准流失
2048,胡燕楠,2,2398.0,184.46,38,准流失
2257,房奕辰,2,2053.0,114.06,50,准流失
1450,苗家畅,2,2024.0,126.50,118,准流失
1954,宋鸿飞,2,1284.0,160.50,65,准流失
1955,林子琦,2,1633.0,148.45,37,准流失
1454,牛长熙,2,2504.0,166.93,78,准流失
1959,申紫轩,2,1578.0,143.45,7,准流失
1966,雷璐瑜,2,1763.0,160.27,56,准流失
1970,宋利明,2,1684.0,153.09,49,准流失
1983,滕晓,2,2321.0,165.79,48,准流失
1453,牛金文,2,1334.0,102.62,57,准流失
1994,钮颍玺,2,2142.0,142.80,173,准流失
2041,侯宇涵,2,1179.0,131.00,84,准流失
1997,娄军良,2,1453.0,132.09,95,准流失
2007,安笑萌,2,1938.0,161.50,89,准流失
1439,苗远清,2,3007.0,167.06,190,非流失
2010,靳妙微,2,1690.0,130.00,98,准流失
2013,罗祖唯,2,1884.0,188.40,73,准流失
2016,怀浙沁,2,2233.0,124.06,146,准流失
1434,包晓波,2,564.0,112.80,88,准流失
2021,怀煜众,2,1117.0,111.70,111,准流失
2122,匡风州,2,2123.0,124.88,48,准流失
2126,康棋因,2,1062.0,132.75,108,准流失
2224,麦宁,2,1055.0,131.88,92,准流失
2195,李奎龙,2,1882.0,134.43,92,准流失
2197,靖叶廷,2,2541.0,195.46,172,准流失
2198,时青云,2,2016.0,155.08,55,准流失
1324,吉后洋,2,2201.0,129.47,105,准流失
2206,韦琳,2,2369.0,182.23,56,准流失
2212,洪榛昱,2,2309.0,135.82,162,准流失
1319,卫晓丽,2,3000.0,176.47,130,准流失
2217,郝怡翔,2,2306.0,177.38,124,准流失
1311,国睿霄,2,1514.0,168.22,106,准流失
1406,宁水灵,2,2335.0,194.58,16,准流失
2230,金泓晔,2,2812.0,187.47,98,非流失
2232,乔焱,2,1817.0,139.77,27,准流失
2234,邓光磊,2,2201.0,115.84,165,准流失
2236,温启全,2,1892.0,135.14,41,准流失
2239,靳新平,2,1918.0,174.36,43,准流失
1310,国子戈,2,1424.0,118.67,68,准流失
1308,沙蕾,2,1928.0,160.67,6,准流失
2244,栾明轩,2,2153.0,119.61,128,准流失
2188,巩恬謦,2,2305.0,144.06,207,准流失
2187,唐嘉洋,2,1828.0,121.87,25,准流失
1326,卫学林,2,1270.0,105.83,68,准流失
2184,刘星睿,2,1602.0,123.23,22,准流失
2128,栾紫欣,2,2025.0,168.75,0,准流失
2130,崔爱雪,2,2142.0,178.50,115,准流失
2135,贾德沐,2,1829.0,182.90,92,准流失
2138,蔺九诚,2,2163.0,127.24,55,准流失
1395,陶昱凡,2,2149.0,179.08,39,准流失
1381,覃明航,2,2136.0,164.31,16,准流失
1369,焦知豪,2,2781.0,185.40,119,非流失
2148,郭辰君,2,1602.0,123.23,62,准流失
1368,焦佳咏,2,2635.0,138.68,3,非流失
2165,常萍艳,2,2014.0,134.27,10,非流失
2167,董周及,2,2490.0,155.62,52,准流失
2169,谭树生,2,1187.0,131.89,99,准流失
1367,焦金旗,2,1771.0,177.10,59,准流失
2175,崔进,2,1863.0,155.25,25,准流失
1340,冷红卫,2,1979.0,152.23,7,准流失
2180,蔚天聪,2,2387.0,149.19,27,非流失
1333,卫超,2,2480.0,190.77,50,准流失
1458,牛明硕,2,910.0,151.67,31,准流失
1462,牛午彤,2,2122.0,151.57,104,准流失
1463,范小萱,2,1609.0,134.08,146,准流失
1572,高瀚熙,2,3269.0,181.61,64,非流失
1725,孙子恒,2,2625.0,154.41,69,非流失
1730,胡煜,2,2574.0,151.41,141,准流失
1584,高鸿文,2,2507.0,139.28,6,非流失
1583,高培淇,2,2346.0,156.40,1,非流失
1581,高润宸,2,1214.0,110.36,94,准流失
1747,彭子晏,2,1691.0,187.89,40,准流失
1580,高伟恒,2,1649.0,164.90,94,准流失
1576,高婧琪,2,2569.0,183.50,39,非流失
1759,傅子雯,2,788.0,112.57,36,准流失
1566,王邦权,2,1626.0,125.08,14,准流失
1761,李瑾怡,2,2248.0,172.92,37,准流失
1768,梅子暄,2,1139.0,142.38,127,准流失
1770,靖喾贞,2,1680.0,120.00,21,准流失
1783,曹淦乐,2,1613.0,107.53,79,非流失
1788,饶阐苟,2,1915.0,147.31,49,准流失
1790,桑岳斌,2,1993.0,117.24,34,准流失
1791,鲍凌璇,2,1720.0,191.11,116,准流失
1723,陈有浩,2,1985.0,132.33,40,准流失
1712,魏灿,2,1497.0,166.33,140,准流失
1710,孙孔孜,2,677.0,96.71,28,准流失
1593,高僖桐,2,2353.0,147.06,84,准流失
1636,杜康森,2,747.0,186.75,23,准流失
1619,柴峻宇,2,1686.0,140.50,133,准流失
1643,杜鹦超,2,1910.0,127.33,9,非流失
1644,杜小悦,2,994.0,142.00,5,准流失
1645,杜雨玲,2,615.0,102.50,14,准流失
1652,李慧,2,978.0,163.00,37,准流失
1618,柴柏君,2,1747.0,124.79,63,准流失
1654,孙韦迦,2,1894.0,157.83,145,准流失
1660,孙婷媛,2,2798.0,155.44,35,非流失
1616,柴新设,2,1298.0,129.80,62,准流失
1612,柴宇泽,2,2227.0,159.07,9,准流失
1671,魏致远,2,923.0,131.86,11,准流失
1679,王梓皓,2,1339.0,167.38,92,准流失
1681,胡子萱,2,1599.0,123.00,33,非流失
1605,柴启泽,2,1226.0,122.60,173,准流失
1690,白辰羲,2,1802.0,138.62,115,准流失
1702,袁志杰,2,1851.0,168.27,62,准流失
1796,胡宸哲,2,896.0,149.33,52,准流失
1559,王烁婷,2,1695.0,188.33,43,准流失
1943,王浩萌,2,2814.0,165.53,38,非流失
1907,倪锐,2,2873.0,159.61,71,准流失
1509,魏煊昌,2,1547.0,171.89,78,准流失
1884,井孑滢,2,1937.0,129.13,203,准流失
1500,程惠,2,1783.0,162.09,156,准流失
1499,程语奇,2,2601.0,153.00,9,非流失
1899,穆纪泽,2,1195.0,119.50,17,准流失
1900,管乙权,2,2500.0,147.06,53,准流失
1901,龙艺儆,2,1665.0,151.36,27,准流失
1906,季秋杨,2,913.0,114.12,162,准流失
1912,黎海钰,2,1095.0,136.88,110,准流失
1556,王越晨,2,2518.0,148.12,26,非流失
1923,时朗馨,2,2364.0,147.75,15,非流失
1925,南孟灏,2,1498.0,124.83,31,准流失
1929,龚道江,2,2341.0,212.82,10,准流失
1495,程晓安,2,1331.0,147.89,52,准流失
1933,靳珂昕,2,2406.0,150.38,45,准流失
1935,廉志远,2,1668.0,185.33,22,准流失
1936,曾敬轩,2,1512.0,116.31,87,准流失
1466,范曜纲,2,903.0,129.00,63,准流失
1874,濮明智,2,2003.0,154.08,161,准流失
1533,蔡锦诚,2,1148.0,143.50,78,准流失
1539,蔡帆题,2,1555.0,129.58,151,准流失
1806,单雨芽,2,1116.0,111.60,170,准流失
1555,王雨婷,2,1881.0,134.36,82,准流失
1553,王沐辰,2,2833.0,166.65,196,准流失
1551,王锦鹏,2,1276.0,127.60,43,准流失
1812,滑淼智,2,955.0,159.17,66,准流失
1814,帅勤超,2,3191.0,212.73,129,准流失
1816,苍庾锐,2,1627.0,180.78,117,准流失
1546,郭晓晓,2,1758.0,135.23,13,准流失
1826,舒卫国,2,1208.0,134.22,9,准流失
1832,邓琳霖,2,2398.0,184.46,36,准流失
1834,门轩云,2,1747.0,174.70,63,准流失
1541,蔡泽韬,2,2285.0,134.41,84,准流失
1845,时琰彤,2,1924.0,128.27,45,准流失
1847,乔祥源,2,1996.0,166.33,20,准流失
1850,扈爱真,2,1576.0,143.27,40,准流失
1851,童磊,2,2107.0,191.55,33,准流失
1855,劳鹏阁,2,2152.0,153.71,17,准流失
1306,沙朗,2,2215.0,201.36,105,准流失
2178,翟建明,2,1423.0,142.30,50,准流失
2480,翟雨玫,2,2407.0,160.47,32,准流失
2513,别元郎,2,1241.0,177.29,15,准流失
2489,林甫,2,1489.0,99.27,43,准流失
2490,步哲易,2,2671.0,157.12,103,准流失
2503,廖铭煊,2,1353.0,135.30,84,准流失
1135,方祥文,2,1182.0,147.75,20,准流失
1133,陆丽达,2,1423.0,142.30,47,准流失
2508,邱云航,2,2683.0,157.82,32,非流失
2510,温语烨,2,2350.0,180.77,57,准流失
1132,陆涛,2,587.0,146.75,7,准流失
1204,胡誉文,2,2213.0,147.53,64,准流失
2519,宫智宸,2,2777.0,154.28,73,非流失
2526,侯显章,2,1824.0,165.82,169,准流失
2530,权爽,2,1618.0,147.09,48,准流失
2533,寇祉含,2,2183.0,155.93,3,准流失
2545,聂思淼,2,1836.0,131.14,77,准流失
2548,库萱,2,2250.0,160.71,14,准流失
2485,冯万释,2,913.0,182.60,40,准流失
1140,冯晓婷,2,2970.0,174.71,118,准流失
2482,褚炳秀,2,1480.0,134.55,22,准流失
2479,司楫凡,2,1893.0,126.20,11,非流失
1198,孙晨旭,2,2895.0,152.37,2,非流失
2446,禹昌盛,2,1526.0,127.17,167,准流失
2452,何俊健,2,1929.0,148.38,88,准流失
2453,原姝鑫,2,1988.0,152.92,7,准流失
2456,虞天翔,2,1272.0,127.20,48,准流失
1192,陈庆胜,2,1498.0,166.44,109,准流失
1181,袁佳玉,2,2617.0,186.93,64,准流失
1164,申鹭达,2,1756.0,117.07,7,非流失
2468,龙陈赐,2,2197.0,146.47,66,准流失
1161,刘凤兰,2,1479.0,134.45,6,准流失
2471,宋立国,2,2097.0,161.31,100,准流失
2472,莫若水,2,3183.0,187.24,52,非流失
1158,艾小金,2,2350.0,138.24,69,准流失
2474,葛承寅,2,1684.0,168.40,143,准流失
1150,冷亮,2,1590.0,144.55,26,准流失
2552,莫伟杰,2,705.0,117.50,43,准流失
2554,沈宏卓,2,1320.0,120.00,21,准流失
2557,金海洲,2,1739.0,133.77,15,准流失
2610,安公啸,2,970.0,121.25,21,准流失
2616,农文禧,2,1057.0,117.44,7,准流失
2622,靳杭泽,2,1450.0,145.00,20,准流失
2623,焦洁嫒,2,2235.0,171.92,85,准流失
1029,文若凝,2,1655.0,137.92,38,准流失
1027,荆丰朵,2,1181.0,168.71,40,准流失
2627,曾勇文,2,2029.0,156.08,21,准流失
2628,闵楚桢,2,2812.0,165.41,140,准流失
1023,魏巍,2,2392.0,132.89,48,非流失
2642,刘彦丞,2,2582.0,151.88,27,非流失
1009,袁田田,2,1346.0,103.54,15,准流失
2651,江筱林,2,1989.0,132.60,21,准流失
2654,史斌佐,2,1580.0,158.00,126,准流失
1000,邱泊君,2,1985.0,152.69,139,准流失
994,刘乐瑶,2,1816.0,181.60,45,准流失
989,唐莉,2,1785.0,127.50,9,准流失
2615,何德谦,2,1911.0,147.00,67,准流失
1033,陶永潮,2,2456.0,163.73,47,非流失
1113,唐雅嘉,2,2122.0,163.23,58,准流失
1070,姜展浩,2,1743.0,134.08,89,准流失
2566,傅钵洲,2,1531.0,139.18,123,准流失
1105,黄哲,2,1199.0,109.00,125,准流失
2569,莫志辉,2,1630.0,148.18,20,准流失
2570,焦变涵,2,2522.0,140.11,106,准流失
2572,蒯雅翊,2,1703.0,141.92,125,准流失
2576,贾德声,2,1287.0,143.00,7,准流失
2583,祁士楷,2,2437.0,152.31,161,准流失
1092,屈俊,2,1569.0,120.69,64,准流失
1087,王静,2,1654.0,150.36,95,准流失
2590,付若晨,2,3062.0,170.11,57,非流失
2594,班彦汐,2,1795.0,163.18,49,准流失
2598,史浩岚,2,1485.0,212.14,53,准流失
1077,玉小倩,2,2384.0,149.00,73,准流失
1071,姜妮妮,2,2174.0,144.93,177,准流失
2606,谷文地,2,891.0,178.20,26,准流失
2442,栾丽萍,2,1145.0,190.83,18,准流失
1624,杜柏至,2,1893.0,135.21,18,准流失
2336,彭煜铭,2,1931.0,214.56,14,准流失
2323,苗德江,2,2517.0,125.85,139,准流失
2359,曾小涛,2,2301.0,153.40,21,准流失
2326,鲍瀚晟,2,1535.0,170.56,16,准流失
1219,胡桂冠,2,1558.0,141.64,64,准流失
2299,包晓华,2,2817.0,165.71,63,非流失
2392,乐致鸿,2,2204.0,183.67,0,准流失
1261,孙雨翔,2,2479.0,165.27,17,准流失
2391,毛凌薇,2,1311.0,145.67,79,准流失
1224,袁诗棋,2,2126.0,141.73,178,准流失
1226,胡百邑,2,1882.0,144.77,58,准流失
1274,李孩立,2,1779.0,136.85,136,准流失
2410,缪彬豪,2,2864.0,190.93,16,非流失
2338,蓝何涛,2,865.0,108.12,62,准流失
2379,葛辰良,2,752.0,107.43,118,准流失
1286,任文琪,2,1659.0,127.62,20,准流失
2319,雷佳青,2,1493.0,186.62,17,准流失
2318,司晨淑,2,2951.0,163.94,-1,非流失
1280,李久冬,2,1039.0,115.44,128,准流失
1279,孙晓君,2,1269.0,105.75,189,准流失
1230,沈杰,2,1196.0,170.86,37,准流失
1231,孙膑,2,1174.0,195.67,94,准流失
2292,佟中华,2,1668.0,128.31,136,准流失
2296,倪维汐,2,2269.0,133.47,184,准流失
1217,李昊谦,2,2597.0,162.31,87,准流失
2437,柳理齐,2,990.0,165.00,34,准流失
2424,权镜,2,1139.0,142.38,28,准流失
2267,蔺博涛,2,2360.0,147.50,145,准流失
2421,东昊家,2,2210.0,138.12,75,准流失
1294,蒲子喧,2,1563.0,173.67,70,准流失
2344,杜巧玲,2,1742.0,145.17,27,准流失
1300,原雯昕,2,1570.0,130.83,66,准流失
2346,屈一丛,2,2287.0,142.94,48,准流失
2348,柳昊言,2,2148.0,179.00,86,准流失
1216,崔浩晖,2,1862.0,143.23,3,准流失
2417,班荣,2,450.0,112.50,9,准流失
2342,谭广碧,2,1266.0,105.50,18,准流失
2280,滕振闾,2,1491.0,114.69,70,准流失
2329,裘友睿,2,667.0,133.40,42,准流失
2352,史骧士,2,1916.0,159.67,113,准流失
1265,李诗韵,2,2603.0,185.93,106,准流失
2339,冯静淑,2,1565.0,120.38,87,准流失
1287,任星远,2,2018.0,168.17,122,准流失
2431,喻培德,2,1693.0,130.23,57,准流失
1103,关庭,1,274.0,91.33,84,准流失
1621,柴志彬,1,638.0,106.33,65,准流失
1574,高成宇,1,1198.0,119.80,24,准流失
3797,齐夏一,1,795.0,159.00,51,准流失
1575,高望恒,1,704.0,140.80,42,准流失
3490,戚瑜萍,1,949.0,158.17,46,准流失
3650,骆泽,1,824.0,206.00,40,准流失
1568,王小冉,1,293.0,97.67,87,准流失
3801,裘雅春,1,457.0,91.40,79,准流失
1271,胡木亮,1,1204.0,172.00,16,准流失
3804,娄仕平,1,1070.0,133.75,7,准流失
1339,冷曼,1,1855.0,185.50,19,准流失
1098,陈慧茹,1,508.0,127.00,101,准流失
3499,原卜少,1,763.0,152.60,47,准流失
3700,娄淇轩,1,1366.0,136.60,122,准流失
1426,牛洪武,1,748.0,187.00,32,准流失
1278,胡煜羲,1,1001.0,125.12,53,准流失
1601,柴淼垒,1,847.0,121.00,65,准流失
3435,景桂忠,1,280.0,93.33,91,准流失
1620,柴一弘,1,813.0,116.14,207,准流失
1302,木博谨,1,338.0,84.50,160,准流失
3679,米星洁,1,691.0,172.75,43,准流失
1002,李孟夏,1,775.0,129.17,85,准流失
1004,陈明杰,1,362.0,90.50,85,准流失
1289,蒲冰函,1,1635.0,204.38,106,准流失
3446,倪悉涵,1,1439.0,205.57,5,准流失
1012,柴鸿飞,1,873.0,174.60,35,准流失
3451,农川,1,429.0,107.25,174,准流失
1315,丰润清,1,770.0,110.00,28,准流失
1026,荆雨,1,913.0,152.17,21,准流失
1607,柴成立,1,417.0,104.25,74,准流失
3465,史玉珍,1,521.0,104.20,44,准流失
3482,党木章,1,1097.0,121.89,114,准流失
3690,段故收,1,584.0,116.80,54,准流失
1600,柴亿乙,1,1384.0,173.00,90,准流失
1595,高晓婷,1,624.0,124.80,52,准流失
3654,赖世砾,1,496.0,82.67,144,准流失
1588,高浩淼,1,1173.0,130.33,17,准流失
3819,黎诺俊,1,529.0,132.25,174,准流失
1320,丰照民,1,1138.0,126.44,76,准流失
1031,陶琦琴,1,1213.0,121.30,46,准流失
3816,贾德鹄,1,938.0,117.25,46,准流失
3477,黎乔鑫,1,1107.0,123.00,141,准流失
1586,高轩辰,1,528.0,105.60,82,准流失
3813,曲峻楠,1,1288.0,143.11,113,准流失
1066,方婷玉,1,1441.0,180.12,87,准流失
1587,高鑫源,1,1278.0,182.57,106,准流失
1385,覃阳志,1,937.0,156.17,18,准流失
3637,富金,1,1015.0,169.17,21,准流失
1180,胡歆雨,1,1415.0,157.22,103,准流失
3619,韦泽宇,1,532.0,106.40,36,准流失
1467,范小菡,1,440.0,88.00,67,准流失
1303,木雅云,1,641.0,106.83,90,准流失
3729,邵海彬,1,1085.0,135.62,52,准流失
1151,冷志冬,1,591.0,118.20,62,准流失
1456,牛常乐,1,661.0,110.17,118,准流失
1222,沈立国,1,595.0,148.75,-1,准流失
3732,樊昕葶,1,1314.0,131.40,21,准流失
1162,刘爱梅,1,1068.0,118.67,155,准流失
3733,刁江青,1,1245.0,138.33,75,准流失
3765,付梓,1,1240.0,155.00,22,准流失
3566,汤铭德,1,1529.0,218.43,122,准流失
3570,封相,1,298.0,99.33,57,准流失
1175,李归呈,1,586.0,117.20,48,准流失
3573,常晓宁,1,1183.0,118.30,39,准流失
1227,李鑫月,1,399.0,79.80,69,准流失
3616,库俊宏,1,1656.0,165.60,41,准流失
1449,苗秋兰,1,1117.0,124.11,113,准流失
1448,苗成林,1,664.0,132.80,71,准流失
1443,苗元琰,1,337.0,168.50,46,准流失
1422,范轩竹,1,1020.0,170.00,43,准流失
3587,董小裕,1,1620.0,202.50,31,准流失
1432,包亦玄,1,665.0,110.83,20,准流失
3595,衡涉卫,1,858.0,143.00,15,准流失
1431,包达菲,1,1477.0,164.11,125,准流失
1428,牛清,1,400.0,80.00,57,准流失
3738,党常森,1,516.0,172.00,33,准流失
3601,牛柴涵,1,1543.0,192.88,88,准流失
1427,牛孙,1,239.0,119.50,166,准流失
3606,曹彦磊,1,396.0,79.20,103,准流失
1471,范天宇,1,524.0,104.80,139,准流失
1550,王芊茹,1,780.0,156.00,17,准流失
1512,魏鎏冰,1,689.0,137.80,84,准流失
1107,黄曼玉,1,711.0,142.20,51,准流失
3636,曾庆云,1,1332.0,148.00,50,准流失
3792,吕哲涵,1,636.0,159.00,7,非流失
1215,孙翌皓,1,435.0,87.00,64,准流失
1114,曾耀扬,1,1206.0,120.60,44,准流失
1264,胡穆然,1,565.0,94.17,207,准流失
1538,蔡雨桐,1,1452.0,161.33,9,准流失
1536,蔡溯韬,1,518.0,86.33,127,准流失
3521,毕信雅,1,539.0,89.83,16,准流失
1116,曾天,1,864.0,172.80,56,准流失
3527,房哲,1,1044.0,116.00,73,准流失
3529,葛承恩,1,911.0,113.88,126,准流失
3536,龙勇棋,1,844.0,168.80,50,准流失
3550,王思颖,1,1062.0,132.75,81,准流失
3787,步安梵,1,1054.0,117.11,32,非流失
1247,任鑫,1,1076.0,134.50,3,准流失
3538,沈明红,1,1043.0,115.89,115,准流失
3541,常庆轩,1,402.0,134.00,71,准流失
1503,魏佳乐,1,1369.0,136.90,129,准流失
3712,储源萌,1,1349.0,168.62,3,准流失
1496,程暄柔,1,704.0,140.80,43,准流失
1240,胡博航,1,863.0,123.29,72,准流失
1232,沈子淇,1,1033.0,114.78,28,准流失
3777,柳迭桐,1,1229.0,175.57,109,准流失
3720,汤昌怀,1,436.0,109.00,76,准流失
3546,郝泽虔,1,1162.0,129.11,56,准流失
3776,解镔入,1,434.0,108.50,172,准流失
3549,何思旖,1,1488.0,212.57,2,准流失
1304,木欣桐,1,271.0,135.50,129,准流失
1896,别平,1,1415.0,157.22,10,准流失
1622,杜桂炎,1,515.0,85.83,1,准流失
2320,蒲清照,1,517.0,103.40,43,准流失
2940,赖章辉,1,671.0,134.20,46,准流失
2353,涂小寒,1,1260.0,126.00,153,准流失
2355,邝钊林,1,290.0,96.67,34,准流失
2357,党宇泊,1,1341.0,134.10,58,准流失
2913,苏敬涵,1,568.0,113.60,6,准流失
2362,郜红灵,1,1654.0,206.75,112,准流失
2369,劳彩媚,1,644.0,107.33,48,准流失
2907,麻若萱,1,459.0,91.80,88,准流失
2372,茹应泓,1,1151.0,164.43,101,准流失
2373,鄂珊大,1,1246.0,178.00,50,准流失
2380,金喜爱,1,1584.0,198.00,57,准流失
2382,马彦旭,1,931.0,186.20,18,准流失
2896,库煜熙,1,433.0,216.50,113,准流失
2890,钱贾琦,1,1214.0,121.40,86,准流失
2399,江依朗,1,1527.0,152.70,172,准流失
2402,闵鹤权,1,1312.0,145.78,131,准流失
2408,南亦维,1,1164.0,116.40,67,准流失
2420,林兴易,1,314.0,157.00,34,准流失
2861,何瑞泉,1,999.0,124.88,5,准流失
2858,空峰苞,1,1294.0,129.40,158,准流失
2857,毛江涛,1,1342.0,149.11,99,准流失
2438,包涵予,1,1195.0,149.38,92,准流失
2325,汪品言,1,291.0,145.50,41,准流失
2317,杜君昊,1,318.0,106.00,77,准流失
2848,邱帆,1,1361.0,136.10,68,准流失
2312,丁易涵,1,1364.0,136.40,97,准流失
3032,寇道行,1,891.0,178.20,43,准流失
2185,封尔为,1,1418.0,177.25,54,准流失
2203,申京河,1,360.0,90.00,1,准流失
2209,逯新阳,1,1064.0,133.00,161,准流失
3013,付玖安,1,1208.0,151.00,49,准流失
2214,倪嘉锐,1,1366.0,136.60,157,准流失
2228,姜磊,1,1571.0,157.10,108,准流失
3004,纪斯千,1,1565.0,156.50,41,准流失
2989,胡楷麒,1,728.0,182.00,5,准流失
2986,蔡思瀚,1,1429.0,142.90,7,准流失
2254,郭雯,1,1779.0,177.90,93,准流失
2260,侯勇智,1,867.0,123.86,99,准流失
2261,刁妍瑛,1,598.0,149.50,44,准流失
2262,秦培悦,1,581.0,96.83,70,准流失
2969,傅泓恺,1,424.0,141.33,55,准流失
2271,鲁艺,1,518.0,86.33,136,准流失
2967,曾子冉,1,252.0,126.00,169,准流失
2279,万梓丞,1,471.0,117.75,87,准流失
2962,孟剑涛,1,1275.0,159.38,13,准流失
2298,隆熠,1,1082.0,180.33,18,准流失
2301,富翊轩,1,250.0,125.00,107,准流失
2955,杜德龙,1,1414.0,141.40,132,准流失
2308,林学勇,1,643.0,128.60,92,准流失
2443,师晨涵,1,1196.0,170.86,89,准流失
2847,李俊安,1,1232.0,176.00,122,准流失
1626,杜雨欣,1,1834.0,183.40,34,准流失
2752,缪卿哲,1,432.0,86.40,57,准流失
2749,都瞬懿,1,1585.0,158.50,18,准流失
2748,马铭宇,1,656.0,164.00,49,准流失
2745,杜欣诺,1,1391.0,139.10,97,准流失
2739,谭文,1,1162.0,166.00,47,准流失
2602,杜宏新,1,600.0,120.00,187,准流失
2607,纪辰璁,1,1725.0,172.50,112,准流失
2731,廉照童,1,936.0,133.71,79,准流失
2730,庞靖奇,1,642.0,128.40,35,准流失
2729,麻继承,1,641.0,213.67,47,准流失
2612,洪翊昕,1,1209.0,120.90,125,准流失
2725,赖亮均,1,1843.0,184.30,73,准流失
2620,通瑞栩,1,334.0,111.33,191,准流失
2624,蔺炅昊,1,1463.0,162.56,118,准流失
2709,能晓书,1,1676.0,167.60,72,准流失
2706,齐嘉怡,1,666.0,111.00,97,准流失
2701,汪矗显,1,1323.0,147.00,72,准流失
2698,康国松,1,1223.0,122.30,149,准流失
2650,薄其雅,1,837.0,209.25,58,准流失
2652,金小铃,1,1213.0,134.78,133,准流失
2690,聂裕庭,1,1017.0,169.50,13,准流失
2689,童砚,1,374.0,124.67,76,准流失
2662,单大辉,1,1086.0,120.67,96,准流失
2581,俞永贵,1,465.0,77.50,143,准流失
2579,成跃,1,1263.0,180.43,13,准流失
2459,钮洪材,1,1214.0,121.40,142,准流失
2758,焦签骥,1,1406.0,140.60,14,准流失
2462,舒得志,1,947.0,189.40,96,准流失
2841,蓝天浓,1,1030.0,114.44,97,准流失
2839,曲牧,1,344.0,86.00,169,准流失
2469,黄诗晴,1,1440.0,180.00,111,准流失
2827,林礼忠,1,1123.0,124.78,94,准流失
2826,索琳琳,1,1280.0,142.22,6,准流失
2822,楼奇希,1,1490.0,149.00,102,准流失
2483,翟局赚,1,463.0,154.33,24,准流失
2498,潘文晨,1,378.0,126.00,120,准流失
2803,梁自慷,1,244.0,122.00,55,准流失
2507,陈无名,1,247.0,123.50,58,准流失
2801,司雨津,1,1642.0,205.25,76,准流失
2795,毛祥何,1,722.0,120.33,6,准流失
2793,娄旭粲,1,488.0,97.60,13,准流失
2521,毛千舟,1,1328.0,132.80,43,准流失
2787,强哲晟,1,550.0,91.67,106,准流失
2531,纪大静,1,1378.0,137.80,62,准流失
2782,韩恺乐,1,695.0,173.75,57,准流失
2559,梅怀准,1,1352.0,135.20,140,准流失
2562,史隽熙,1,1269.0,141.00,107,准流失
2565,卿忠祥,1,1198.0,133.11,48,准流失
2568,彭昊然,1,1462.0,208.86,15,准流失
3035,水文乐,1,1206.0,120.60,195,准流失
2183,洪以朋,1,495.0,82.50,145,准流失
3040,单景君,1,983.0,163.83,35,准流失
3343,沙丁丁,1,1226.0,122.60,64,准流失
3338,苑广民,1,1006.0,111.78,148,准流失
3335,鞠维澄,1,880.0,176.00,26,准流失
1760,麦正轼,1,912.0,114.00,145,准流失
1793,秦春亮,1,775.0,129.17,128,准流失
1797,雷挺然,1,481.0,120.25,72,准流失
3318,解泊军,1,463.0,154.33,51,准流失
1805,马浩洋,1,716.0,143.20,4,准流失
3314,屈才洞,1,994.0,110.44,99,准流失
3312,成一宁,1,1551.0,155.10,14,准流失
1810,扶灏翼,1,337.0,84.25,129,准流失
3308,毕范樱,1,1380.0,138.00,6,准流失
1822,孙颖璇,1,407.0,101.75,33,准流失
1840,马瑞寒,1,413.0,103.25,56,准流失
3287,蒲先声,1,1157.0,165.29,76,准流失
3285,孔家和,1,1078.0,134.75,85,准流失
3284,广威斤,1,1495.0,166.11,97,准流失
1858,莫子隆,1,227.0,113.50,21,准流失
1861,黎兴刚,1,552.0,110.40,40,准流失
1878,黄金钱,1,470.0,117.50,68,准流失
3275,唐雅敏,1,700.0,116.67,72,准流失
3274,裘桂芹,1,576.0,144.00,36,准流失
1879,刁海馨,1,1127.0,125.22,64,准流失
1883,封锦程,1,258.0,129.00,116,准流失
3339,别祺川,1,1604.0,200.50,15,准流失
1756,谷忠鹘,1,388.0,194.00,32,准流失
2170,丁益,1,735.0,122.50,70,准流失
1755,舒香,1,796.0,132.67,37,准流失
1633,杜晓冰,1,1480.0,164.44,105,准流失
3420,库厚峰,1,1485.0,148.50,88,准流失
3409,禹景盛,1,254.0,127.00,15,准流失
1657,李霖,1,420.0,84.00,210,准流失
3404,汪祯涵,1,1194.0,132.67,129,准流失
1661,王小雅,1,1303.0,130.30,57,准流失
3401,蔡思钿,1,1372.0,137.20,107,准流失
3389,饶剑涛,1,1170.0,195.00,78,准流失
3385,靳瀚哲,1,940.0,104.44,41,准流失
1684,孙天齐,1,1705.0,170.50,122,准流失
1687,胡尚娇,1,1763.0,176.30,96,准流失
1698,胡蝶,1,1503.0,187.88,81,准流失
1707,李亚梦,1,678.0,169.50,26,准流失
3376,方振宇,1,739.0,184.75,18,准流失
3375,马晓旭,1,706.0,117.67,51,准流失
1714,胡婉B,1,1146.0,127.33,-19,准流失
1738,胡嘉汶,1,433.0,216.50,19,准流失
1741,袁昊,1,409.0,102.25,54,准流失
3355,褚天顺,1,494.0,164.67,1,准流失
1743,李欣妍,1,1124.0,187.33,62,准流失
1744,毛好,1,505.0,126.25,135,准流失
1748,强宗香,1,318.0,106.00,187,准流失
1890,潘玉帆,1,870.0,174.00,112,准流失
1892,邓欣悦,1,442.0,147.33,46,准流失
2687,苑宝华,1,1244.0,138.22,138,准流失
3257,通红琼,1,1259.0,157.38,109,准流失
2027,宫孜博,1,298.0,149.00,5,准流失
3143,邱育诚,1,1315.0,187.86,98,准流失
2038,边宝西,1,1143.0,127.00,129,准流失
3136,逯开均,1,705.0,117.50,202,准流失
2046,池长罡,1,615.0,205.00,66,准流失
3133,史雨菲,1,1112.0,185.33,21,准流失
2049,苍宏斌,1,320.0,106.67,3,准流失
2060,水大清,1,227.0,113.50,72,准流失
3124,龚勤勤,1,975.0,139.29,103,准流失
3123,隆昌扬,1,883.0,147.17,59,准流失
2067,桂曲波,1,718.0,119.67,62,准流失
2086,覃唯,1,1508.0,215.43,31,准流失
2099,翟晓珊,1,1330.0,190.00,22,准流失
2100,山铭津,1,1344.0,149.33,7,准流失
2115,方卢翼,1,896.0,179.20,48,准流失
3084,倪豪,1,288.0,144.00,27,准流失
3075,卜祥宾,1,241.0,120.50,73,准流失
2142,江素姚,1,477.0,159.00,2,准流失
2143,魏柏玲,1,512.0,128.00,103,准流失
3068,罗雯婧,1,707.0,117.83,44,准流失
2152,鲁膺卫,1,866.0,173.20,30,准流失
3061,巩小宝,1,1464.0,162.67,2,准流失
3059,巩瑞烨,1,573.0,114.60,26,准流失
2017,申相城,1,357.0,89.25,131,准流失
3151,秋乐贤,1,539.0,179.67,1,准流失
2009,门文宣,1,630.0,210.00,14,准流失
3206,白俊涛,1,1035.0,115.00,109,准流失
3252,蔚治灏,1,955.0,119.38,126,准流失
1898,柯力天,1,1069.0,152.71,31,准流失
3233,焦龙,1,362.0,90.50,144,准流失
1924,边易曦,1,376.0,125.33,110,准流失
1930,魏晓亮,1,1247.0,155.88,92,准流失
3222,俞家妍,1,344.0,86.00,27,准流失
3216,农添越,1,1140.0,162.86,41,准流失
1941,毛皓轩,1,1156.0,165.14,11,准流失
1945,庞浩轩,1,694.0,173.50,41,准流失
1949,郁玉郎,1,333.0,166.50,2,准流失
3166,牛旭洋,1,284.0,94.67,51,准流失
1952,费泊君,1,413.0,206.50,91,准流失
1956,皮金湖,1,1054.0,117.11,82,准流失
1978,康醴邈,1,1767.0,176.70,81,准流失
1981,井翔康,1,1129.0,161.29,94,准流失
1989,濮渔,1,444.0,111.00,54,准流失
1991,蔺绍辉,1,229.0,114.50,23,准流失
1992,雷予,1,1432.0,159.11,106,准流失
1995,姬卢欣,1,440.0,220.00,65,准流失
3175,何梓涵,1,1568.0,156.80,57,准流失
2004,刘绮梦,1,785.0,112.14,49,准流失
3846,黄钰晖,1,1012.0,126.50,98,准流失
